Risk Tau,,,,,,
0.1, 'tabular_EDAC',0.2,5,10,0.01,0.038554586
0.1, 'tabular_EDAC',0.980866959,5,10,0.01,0.04
0.1, 'tabular_EDAC',0.18,5,10,0.01,0.012564347
0.1, 'tabular_EDAC',0.16,0.479140843,5,10,0.01
0.1, 'tabular_EDAC',0.18,0.537924222,5,10,0.01
0.1, 'tabular_EDAC',0.08,5,0.026904001,10,0.01
0.1, 'tabular_EDAC',0.976903074,5,10,0.01,
0.1, 'tabular_EDAC',0.965178861,5,10,0.01,0.04
0.1, 'tabular_EDAC',0,0.519267177,5,10,0.01
0.1, 'tabular_EDAC',0.966875391,5,10,0.01,0.02
0.1,0.2,0.003420716,5,10,0.01, 'tabular_robustEDAC'
0.1,0.974960302,5,10,0.01,0.04, 'tabular_robustEDAC'
0.1,0.18,5,10,0.01,0.004933477, 'tabular_robustEDAC'
0.1,0.16,0.483190076,5,10,0.01, 'tabular_robustEDAC'
0.1,0.18,0.489577147,5,10,0.01, 'tabular_robustEDAC'
0.1,0.08,5,0.017532638,10,0.01, 'tabular_robustEDAC'
0.1,0.991110141,5,10,0.01, 'tabular_robustEDAC',
0.1,0.98270807,5,10,0.01,0.04, 'tabular_robustEDAC'
0.1,0,0.195474005,5,10,0.01, 'tabular_robustEDAC'
0.1,0.997239948,5,10,0.01,0.02, 'tabular_robustEDAC'
0.1,0.2,0,5, 'true_model',10,0.01
0.1,1,5, 'true_model',10,0.01,0.04
0.1,0.18,0,5, 'true_model',10,0.01
0.1,0.16,0,5, 'true_model',10,0.01
0.1,0.18,0,5, 'true_model',10,0.01
0.1,0.08,0,5, 'true_model',10,0.01
0.1,1,5, 'true_model',10,0.01,
0.1,1,5, 'true_model',10,0.01,0.04
0.1,0,1,5, 'true_model',10,0.01
0.1,1,5, 'true_model',10,0.01,0.02
0.1,0.2,0,5, 'VI_model',10,0.01
0.1,1,5, 'VI_model',10,0.01,0.04
0.1,0.18,0,5, 'VI_model',10,0.01
0.1,0.16,0,5, 'VI_model',10,0.01
0.1,0.18,0,5, 'VI_model',10,0.01
0.1,0.08,1,5, 'VI_model',10,0.01
0.1,1,5, 'VI_model',10,0.01,
0.1,1,5, 'VI_model',10,0.01,0.04
0.1,0,1,5, 'VI_model',10,0.01
0.1,1,5, 'VI_model',10,0.01,0.02
0.1, 'tabular_EDAC',0.2,0.429974392,10,0.01,25
0.1, 'tabular_EDAC',0.976252081,10,0.01,0.02,25
0.1, 'tabular_EDAC',0.18,0.447318715,10,0.01,25
0.1, 'tabular_EDAC',0.15,0.299842948,10,0.01,25
0.1, 'tabular_EDAC',0.17,0.477764845,10,0.01,25
0.1, 'tabular_EDAC',0.12,0.513730549,10,0.01,25
0.1, 'tabular_EDAC',0.09,0.605188333,10,0.01,25
0.1, 'tabular_EDAC',0.990578986,10,0.01,0.04,25
0.1, 'tabular_EDAC',0.836269967,10,0.01,25,
0.1, 'tabular_EDAC',0.982285959,10,0.01,0.02,25
0.1,0.2,0.438597636,10,0.01, 'tabular_robustEDAC',25
0.1,0.996703186,10,0.01,0.02, 'tabular_robustEDAC',25
0.1,0.18,0.442158809,10,0.01, 'tabular_robustEDAC',25
0.1,0.15,0.381656063,10,0.01, 'tabular_robustEDAC',25
0.1,0.17,0.463586353,10,0.01, 'tabular_robustEDAC',25
0.1,0.12,0.482803149,10,0.01, 'tabular_robustEDAC',25
0.1,0.09,0.587587205,10,0.01, 'tabular_robustEDAC',25
0.1,0.987854505,10,0.01,0.04, 'tabular_robustEDAC',25
0.1,0.934243297,10,0.01, 'tabular_robustEDAC',25,
0.1,0.986185697,10,0.01,0.02, 'tabular_robustEDAC',25
0.1,0.2,0, 'true_model',10,0.01,25
0.1,1, 'true_model',10,0.01,0.02,25
0.1,0.18,0, 'true_model',10,0.01,25
0.1,0.15,0, 'true_model',10,0.01,25
0.1,0.17,0, 'true_model',10,0.01,25
0.1,0.12,0, 'true_model',10,0.01,25
0.1,0.09,1, 'true_model',10,0.01,25
0.1,1, 'true_model',10,0.01,0.04,25
0.1,1, 'true_model',10,0.01,25,
0.1,1, 'true_model',10,0.01,0.02,25
0.1,0.2,0, 'VI_model',10,0.01,25
0.1,1, 'VI_model',10,0.01,0.02,25
0.1,0.18,0, 'VI_model',10,0.01,25
0.1,0.15,0, 'VI_model',10,0.01,25
0.1,0.17,0, 'VI_model',10,0.01,25
0.1,0.12,1, 'VI_model',10,0.01,25
0.1,0.09,1, 'VI_model',10,0.01,25
0.1,1, 'VI_model',10,0.01,0.04,25
0.1,1, 'VI_model',10,0.01,25,
0.1,1, 'VI_model',10,0.01,0.02,25
0.1, 'tabular_EDAC',0.19,0.449531195,10,0.01,125
0.1, 'tabular_EDAC',0.05,0.857429228,10,0.01,125
0.1, 'tabular_EDAC',0.17,0.466317336,10,0.01,125
0.1, 'tabular_EDAC',0.15,0.472385826,10,0.01,125
0.1, 'tabular_EDAC',0.13,0.478279948,10,0.01,125
0.1, 'tabular_EDAC',0.13,0.522950499,10,0.01,125
0.1, 'tabular_EDAC',0.66153557,10,0.01,125,
0.1, 'tabular_EDAC',0.810031294,10,0.01,0.04,125
0.1, 'tabular_EDAC',0.945433407,10,0.01,0.02,125
0.1, 'tabular_EDAC',0.969570042,10,0.01,125,
0.1,0.19,0.430476023,10,0.01, 'tabular_robustEDAC',125
0.1,0.05,0.844339833,10,0.01, 'tabular_robustEDAC',125
0.1,0.17,0.445566729,10,0.01, 'tabular_robustEDAC',125
0.1,0.15,0.482063316,10,0.01, 'tabular_robustEDAC',125
0.1,0.13,0.404861908,10,0.01, 'tabular_robustEDAC',125
0.1,0.13,0.489722971,10,0.01, 'tabular_robustEDAC',125
0.1,0.618821712,10,0.01, 'tabular_robustEDAC',125,
0.1,0.915251788,10,0.01,0.04, 'tabular_robustEDAC',125
0.1,0.986499594,10,0.01,0.02, 'tabular_robustEDAC',125
0.1,0.89865968,10,0.01, 'tabular_robustEDAC',125,
0.1,0.19,0, 'true_model',10,0.01,125
0.1,0.05,1, 'true_model',10,0.01,125
0.1,0.17,0, 'true_model',10,0.01,125
0.1,0.15,0, 'true_model',10,0.01,125
0.1,0.13,0, 'true_model',10,0.01,125
0.1,0.13,0, 'true_model',10,0.01,125
0.1,1, 'true_model',10,0.01,125,
0.1,1, 'true_model',10,0.01,0.04,125
0.1,1, 'true_model',10,0.01,0.02,125
0.1,1, 'true_model',10,0.01,125,
0.1,0.19,0, 'VI_model',10,0.01,125
0.1,0.05,1, 'VI_model',10,0.01,125
0.1,0.17,0, 'VI_model',10,0.01,125
0.1,0.15,0, 'VI_model',10,0.01,125
0.1,0.13,0, 'VI_model',10,0.01,125
0.1,0.13,1, 'VI_model',10,0.01,125
0.1,1, 'VI_model',10,0.01,125,
0.1,1, 'VI_model',10,0.01,0.04,125
0.1,1, 'VI_model',10,0.01,0.02,125
0.1,1, 'VI_model',10,0.01,125,
0.5, 'tabular_EDAC',0.22,5,10,0.01,0.036744112
0.5, 'tabular_EDAC',0.959488522,5,10,0.01,0.04
0.5, 'tabular_EDAC',0.26,5,10,0.01,0.030069182
0.5, 'tabular_EDAC',0.24,0.354393311,5,10,0.01
0.5, 'tabular_EDAC',0.18,0.956053558,5,10,0.01
0.5, 'tabular_EDAC',0,0.1414463,5,10,0.01
0.5, 'tabular_EDAC',0.957682704,5,10,0.01,0.02
0.5, 'tabular_EDAC',0.933539668,5,10,0.01,0.02
0.5, 'tabular_EDAC',0,0.739722924,5,10,0.01
0.5, 'tabular_EDAC',0.957709488,5,10,0.01,0.02
0.5,0.22,5,10,0.01, 'tabular_robustEDAC',0.015336931
0.5,0.978642488,5,10,0.01,0.04, 'tabular_robustEDAC'
0.5,0.26,5,10,0.00514129,0.01, 'tabular_robustEDAC'
0.5,0.24,0.368023398,5,10,0.01, 'tabular_robustEDAC'
0.5,0.18,0.969936079,5,10,0.01, 'tabular_robustEDAC'
0.5,0,0.935800323,5,10,0.01, 'tabular_robustEDAC'
0.5,0.994368821,5,10,0.01,0.02, 'tabular_robustEDAC'
0.5,0.991582332,5,10,0.01,0.02, 'tabular_robustEDAC'
0.5,0,0.24530806,5,10,0.01, 'tabular_robustEDAC'
0.5,0.992875607,5,10,0.01,0.02, 'tabular_robustEDAC'
0.5,0.22,0,5, 'true_model',10,0.01
0.5,1,5, 'true_model',10,0.01,0.04
0.5,0.26,0,5, 'true_model',10,0.01
0.5,0.24,0,5, 'true_model',10,0.01
0.5,0.18,0,5, 'true_model',10,0.01
0.5,0,1,5, 'true_model',10,0.01
0.5,1,5, 'true_model',10,0.01,0.02
0.5,1,5, 'true_model',10,0.01,0.02
0.5,0,1,5, 'true_model',10,0.01
0.5,1,5, 'true_model',10,0.01,0.02
0.5,0.22,0,5, 'VI_model',10,0.01
0.5,1,5, 'VI_model',10,0.01,0.04
0.5,0.26,0,5, 'VI_model',10,0.01
0.5,0.24,0,5, 'VI_model',10,0.01
0.5,0.18,0,5, 'VI_model',10,0.01
0.5,0,1,5, 'VI_model',10,0.01
0.5,1,5, 'VI_model',10,0.01,0.02
0.5,1,5, 'VI_model',10,0.01,0.02
0.5,0,1,5, 'VI_model',10,0.01
0.5,1,5, 'VI_model',10,0.01,0.02
0.5, 'tabular_EDAC',0.28,0.466071566,10,0.01,25
0.5, 'tabular_EDAC',0.03,0.978562061,10,0.01,25
0.5, 'tabular_EDAC',0.22,0.438970111,10,0.01,25
0.5, 'tabular_EDAC',0.2,0.465732506,10,0.01,25
0.5, 'tabular_EDAC',0.17,0.5384119,10,0.01,25
0.5, 'tabular_EDAC',0.96890512,10,0.01,0.04,25
0.5, 'tabular_EDAC',0.982192575,10,0.01,25,
0.5, 'tabular_EDAC',0.988748609,10,0.01,0.02,25
0.5, 'tabular_EDAC',0,0.898860459,10,0.01,25
0.5, 'tabular_EDAC',0.987580302,10,0.01,0.02,25
0.5,0.28,0.446060608,10,0.01, 'tabular_robustEDAC',25
0.5,0.03,0.995112081,10,0.01, 'tabular_robustEDAC',25
0.5,0.22,0.449877239,10,0.01, 'tabular_robustEDAC',25
0.5,0.2,0.476130548,10,0.01, 'tabular_robustEDAC',25
0.5,0.17,0.535652171,10,0.01, 'tabular_robustEDAC',25
0.5,0.987725504,10,0.01,0.04, 'tabular_robustEDAC',25
0.5,0.967971602,10,0.01, 'tabular_robustEDAC',25,
0.5,0.991987797,10,0.01,0.02, 'tabular_robustEDAC',25
0.5,0,0.973997134,10,0.01, 'tabular_robustEDAC',25
0.5,0.988567604,10,0.01,0.02, 'tabular_robustEDAC',25
0.5,0.28,0, 'true_model',10,0.01,25
0.5,0.03,1, 'true_model',10,0.01,25
0.5,0.22,0, 'true_model',10,0.01,25
0.5,0.2,0, 'true_model',10,0.01,25
0.5,0.17,0, 'true_model',10,0.01,25
0.5,1, 'true_model',10,0.01,0.04,25
0.5,1, 'true_model',10,0.01,25,
0.5,1, 'true_model',10,0.01,0.02,25
0.5,0,1, 'true_model',10,0.01,25
0.5,1, 'true_model',10,0.01,0.02,25
0.5,0.28,0, 'VI_model',10,0.01,25
0.5,0.03,1, 'VI_model',10,0.01,25
0.5,0.22,0, 'VI_model',10,0.01,25
0.5,0.2,0, 'VI_model',10,0.01,25
0.5,0.17,0, 'VI_model',10,0.01,25
0.5,1, 'VI_model',10,0.01,0.04,25
0.5,1, 'VI_model',10,0.01,25,
0.5,1, 'VI_model',10,0.01,0.02,25
0.5,0,1, 'VI_model',10,0.01,25
0.5,1, 'VI_model',10,0.01,0.02,25
0.5, 'tabular_EDAC',0.26,0.48029535,10,0.01,125
0.5, 'tabular_EDAC',0.06,0.78123889,10,0.01,125
0.5, 'tabular_EDAC',0.22,0.463045612,10,0.01,125
0.5, 'tabular_EDAC',0.19,0.446349176,10,0.01,125
0.5, 'tabular_EDAC',0.15,0.557316856,10,0.01,125
0.5, 'tabular_EDAC',0.06,0.583649113,10,0.01,125
0.5, 'tabular_EDAC',0.03,0.676673688,10,0.01,125
0.5, 'tabular_EDAC',0.964935544,10,0.01,0.02,125
0.5, 'tabular_EDAC',0.951360898,10,0.01,125,
0.5, 'tabular_EDAC',0.965105902,10,0.01,125,
0.5,0.26,0.474230707,10,0.01, 'tabular_robustEDAC',125
0.5,0.06,0.742840356,10,0.01, 'tabular_robustEDAC',125
0.5,0.22,0.479354603,10,0.01, 'tabular_robustEDAC',125
0.5,0.19,0.477081783,10,0.01, 'tabular_robustEDAC',125
0.5,0.15,0.552033126,10,0.01, 'tabular_robustEDAC',125
0.5,0.06,0.575943629,10,0.01, 'tabular_robustEDAC',125
0.5,0.03,0.677297786,10,0.01, 'tabular_robustEDAC',125
0.5,0.9868006,10,0.01,0.02, 'tabular_robustEDAC',125
0.5,0.949298466,10,0.01, 'tabular_robustEDAC',125,
0.5,0.95755141,10,0.01, 'tabular_robustEDAC',125,
0.5,0.26,0, 'true_model',10,0.01,125
0.5,0.06,1, 'true_model',10,0.01,125
0.5,0.22,0, 'true_model',10,0.01,125
0.5,0.19,0, 'true_model',10,0.01,125
0.5,0.15,0, 'true_model',10,0.01,125
0.5,0.06,1, 'true_model',10,0.01,125
0.5,0.03,1, 'true_model',10,0.01,125
0.5,1, 'true_model',10,0.01,0.02,125
0.5,1, 'true_model',10,0.01,125,
0.5,1, 'true_model',10,0.01,125,
0.5,0.26,0, 'VI_model',10,0.01,125
0.5,0.06,1, 'VI_model',10,0.01,125
0.5,0.22,0, 'VI_model',10,0.01,125
0.5,0.19,0, 'VI_model',10,0.01,125
0.5,0.15,0, 'VI_model',10,0.01,125
0.5,0.06,1, 'VI_model',10,0.01,125
0.5,0.03,1, 'VI_model',10,0.01,125
0.5,1, 'VI_model',10,0.01,0.02,125
0.5,1, 'VI_model',10,0.01,125,
0.5,1, 'VI_model',10,0.01,125,
0.9, 'tabular_EDAC',0.78,0.528167108,5,10,0.01
0.9, 'tabular_EDAC',0,0.5,5,10,0.01
0.9, 'tabular_EDAC',0.08,0.252951007,5,10,0.01
0.9, 'tabular_EDAC',0,0.79576158,5,10,0.01
0.9, 'tabular_EDAC',0.472364641,5,10,0.01,0.04
0.9, 'tabular_EDAC',0.993354925,5,10,0.01,0.02
0.9, 'tabular_EDAC',0.988985329,5,10,0.01,0.02
0.9, 'tabular_EDAC',5,10,0.01,0.02562493,0.02
0.9, 'tabular_EDAC',0.972003465,5,10,0.01,0.02
0.9, 'tabular_EDAC',0.96833158,5,10,0.01,0.02
0.9,0.78,0.543913431,5,10,0.01, 'tabular_robustEDAC'
0.9,0,0.34406509,5,10,0.01, 'tabular_robustEDAC'
0.9,0.08,0.385425357,5,10,0.01, 'tabular_robustEDAC'
0.9,0,0.372701527,5,10,0.01, 'tabular_robustEDAC'
0.9,0.483436262,5,10,0.01,0.04, 'tabular_robustEDAC'
0.9,0.981487424,5,10,0.01,0.02, 'tabular_robustEDAC'
0.9,0.99023037,5,10,0.01,0.02, 'tabular_robustEDAC'
0.9,0.019470838,5,10,0.01,0.02, 'tabular_robustEDAC'
0.9,0.983663989,5,10,0.01,0.02, 'tabular_robustEDAC'
0.9,0.981359129,5,10,0.01,0.02, 'tabular_robustEDAC'
0.9,0.78,1,5, 'true_model',10,0.01
0.9,0,1,5, 'true_model',10,0.01
0.9,0.08,1,5, 'true_model',10,0.01
0.9,0,1,5, 'true_model',10,0.01
0.9,1,5, 'true_model',10,0.01,0.04
0.9,1,5, 'true_model',10,0.01,0.02
0.9,1,5, 'true_model',10,0.01,0.02
0.9,1,5, 'true_model',10,0.01,0.02
0.9,1,5, 'true_model',10,0.01,0.02
0.9,1,5, 'true_model',10,0.01,0.02
0.9,0.78,0,5, 'VI_model',10,0.01
0.9,0,1,5, 'VI_model',10,0.01
0.9,0.08,0,5, 'VI_model',10,0.01
0.9,0,5, 'VI_model',10,0.01,
0.9,0,5, 'VI_model',10,0.01,0.04
0.9,1,5, 'VI_model',10,0.01,0.02
0.9,1,5, 'VI_model',10,0.01,0.02
0.9,1,5, 'VI_model',10,0.01,0.02
0.9,1,5, 'VI_model',10,0.01,0.02
0.9,1,5, 'VI_model',10,0.01,0.02
0.9, 'tabular_EDAC',0.84,0.503111155,10,0.01,25
0.9, 'tabular_EDAC',0.03,0.946714722,10,0.01,25
0.9, 'tabular_EDAC',0.03,0.719230753,10,0.01,25
0.9, 'tabular_EDAC',0.986524797,10,0.01,25,
0.9, 'tabular_EDAC',0.98551897,10,0.01,0.02,25
0.9, 'tabular_EDAC',0.982524721,10,0.01,25,
0.9, 'tabular_EDAC',0.964823453,10,0.01,25,
0.9, 'tabular_EDAC',0.941961843,10,0.01,0.02,25
0.9, 'tabular_EDAC',0,0.970653012,10,0.01,25
0.9, 'tabular_EDAC',0.987211519,10,0.01,0.02,25
0.9,0.84,0.50853055,10,0.01, 'tabular_robustEDAC',25
0.9,0.03,0.978990127,10,0.01, 'tabular_robustEDAC',25
0.9,0.03,0.627421668,10,0.01, 'tabular_robustEDAC',25
0.9,0.99555297,10,0.01, 'tabular_robustEDAC',25,
0.9,0.984329936,10,0.01,0.02, 'tabular_robustEDAC',25
0.9,0.981463417,10,0.01, 'tabular_robustEDAC',25,
0.9,0.969247796,10,0.01, 'tabular_robustEDAC',25,
0.9,0.947849452,10,0.01,0.02, 'tabular_robustEDAC',25
0.9,0,0.950519426,10,0.01, 'tabular_robustEDAC',25
0.9,0.994232443,10,0.01,0.02, 'tabular_robustEDAC',25
0.9,0.84,1, 'true_model',10,0.01,25
0.9,0.03,1, 'true_model',10,0.01,25
0.9,0.03,1, 'true_model',10,0.01,25
0.9,1, 'true_model',10,0.01,25,
0.9,1, 'true_model',10,0.01,0.02,25
0.9,1, 'true_model',10,0.01,25,
0.9,1, 'true_model',10,0.01,25,
0.9,1, 'true_model',10,0.01,0.02,25
0.9,0,1, 'true_model',10,0.01,25
0.9,1, 'true_model',10,0.01,0.02,25
0.9,0.84,0, 'VI_model',10,0.01,25
0.9,0.03,1, 'VI_model',10,0.01,25
0.9,0.03,0, 'VI_model',10,0.01,25
0.9,0, 'VI_model',10,0.01,25,
0.9,0, 'VI_model',10,0.01,0.02,25
0.9,1, 'VI_model',10,0.01,25,
0.9,1, 'VI_model',10,0.01,25,
0.9,1, 'VI_model',10,0.01,0.02,25
0.9,0,1, 'VI_model',10,0.01,25
0.9,1, 'VI_model',10,0.01,0.02,25
0.9, 'tabular_EDAC',0.81,0.506894723,10,0.01,125
0.9, 'tabular_EDAC',0.864000842,10,0.01,0.04,125
0.9, 'tabular_EDAC',0.05,0.668405634,10,0.01,125
0.9, 'tabular_EDAC',0.866716596,10,0.01,0.02,125
0.9, 'tabular_EDAC',0.804213778,10,0.01,0.02,125
0.9, 'tabular_EDAC',0.864414817,10,0.01,0.02,125
0.9, 'tabular_EDAC',0.866254519,10,0.01,125,
0.9, 'tabular_EDAC',0.978233552,10,0.01,125,
0.9, 'tabular_EDAC',0.874585061,10,0.01,125,
0.9, 'tabular_EDAC',0.989924046,10,0.01,125,
0.9,0.81,0.517799128,10,0.01, 'tabular_robustEDAC',125
0.9,0.875549247,10,0.01,0.04, 'tabular_robustEDAC',125
0.9,0.05,0.735512235,10,0.01, 'tabular_robustEDAC',125
0.9,0.821992362,10,0.01,0.02, 'tabular_robustEDAC',125
0.9,0.940976479,10,0.01,0.02, 'tabular_robustEDAC',125
0.9,0.8118346,10,0.01,0.02, 'tabular_robustEDAC',125
0.9,0.926658974,10,0.01, 'tabular_robustEDAC',125,
0.9,0.983623838,10,0.01, 'tabular_robustEDAC',125,
0.9,0.992356039,10,0.01, 'tabular_robustEDAC',125,
0.9,0.952317584,10,0.01, 'tabular_robustEDAC',125,
0.9,0.81,1, 'true_model',10,0.01,125
0.9,1, 'true_model',10,0.01,0.04,125
0.9,0.05,1, 'true_model',10,0.01,125
0.9,1, 'true_model',10,0.01,0.02,125
0.9,1, 'true_model',10,0.01,0.02,125
0.9,1, 'true_model',10,0.01,0.02,125
0.9,1, 'true_model',10,0.01,125,
0.9,1, 'true_model',10,0.01,125,
0.9,1, 'true_model',10,0.01,125,
0.9,1, 'true_model',10,0.01,125,
0.9,0.81,0, 'VI_model',10,0.01,125
0.9,1, 'VI_model',10,0.01,0.04,125
0.9,0.05,0, 'VI_model',10,0.01,125
0.9,0, 'VI_model',10,0.01,0.02,125
0.9,0, 'VI_model',10,0.01,0.02,125
0.9,1, 'VI_model',10,0.01,0.02,125
0.9,1, 'VI_model',10,0.01,125,
0.9,1, 'VI_model',10,0.01,125,
0.9,1, 'VI_model',10,0.01,125,
0.9,1, 'VI_model',10,0.01,125,
0.1, 'tabular_EDAC',0.18,0.450898622,5,11,0.01
0.1, 'tabular_EDAC',0.06,0.964825036,5,11,0.01
0.1, 'tabular_EDAC',0.3,0.528539778,5,11,0.01
0.1, 'tabular_EDAC',0.18,5,11,0.01,0.007189667
0.1, 'tabular_EDAC',5,11,0.01,0.004300371,
0.1, 'tabular_EDAC',0.08,5,11,0.01,0.009178555
0.1, 'tabular_EDAC',0.967313289,5,11,0.01,
0.1, 'tabular_EDAC',0,0.265492002,5,11,0.01
0.1, 'tabular_EDAC',0,0.857434733,5,11,0.01
0.1, 'tabular_EDAC',0,0.771149482,5,11,0.01
0.1,0.18,0.450557616,5,11,0.01, 'tabular_robustEDAC'
0.1,0.06,0.993409643,5,11,0.01, 'tabular_robustEDAC'
0.1,0.3,0.50254862,5,11,0.01, 'tabular_robustEDAC'
0.1,0.18,5,11,0.01,0.009613647, 'tabular_robustEDAC'
0.1,5,11,0.01,0.040822635, 'tabular_robustEDAC',
0.1,0.08,5,11,0.01,0.004848355, 'tabular_robustEDAC'
0.1,0.996965118,5,11,0.01, 'tabular_robustEDAC',
0.1,0,0.252918854,5,11,0.01, 'tabular_robustEDAC'
0.1,0,0.751270171,5,11,0.01, 'tabular_robustEDAC'
0.1,0,0.528811305,5,11,0.01, 'tabular_robustEDAC'
0.1,0.18,0,5, 'true_model',11,0.01
0.1,0.06,1,5, 'true_model',11,0.01
0.1,0.3,0,5, 'true_model',11,0.01
0.1,0.18,0,5, 'true_model',11,0.01
0.1,0,5, 'true_model',11,0.01,
0.1,0.08,0,5, 'true_model',11,0.01
0.1,1,5, 'true_model',11,0.01,
0.1,0,1,5, 'true_model',11,0.01
0.1,0,1,5, 'true_model',11,0.01
0.1,0,1,5, 'true_model',11,0.01
0.1,0.18,0,5, 'VI_model',11,0.01
0.1,0.06,1,5, 'VI_model',11,0.01
0.1,0.3,0,5, 'VI_model',11,0.01
0.1,0.18,0,5, 'VI_model',11,0.01
0.1,0,5, 'VI_model',11,0.01,
0.1,0.08,1,5, 'VI_model',11,0.01
0.1,1,5, 'VI_model',11,0.01,
0.1,0,1,5, 'VI_model',11,0.01
0.1,0,1,5, 'VI_model',11,0.01
0.1,0,1,5, 'VI_model',11,0.01
0.1, 'tabular_EDAC',0.23,0.468151715,11,0.01,25
0.1, 'tabular_EDAC',0.08,0.762535929,11,0.01,25
0.1, 'tabular_EDAC',0.2,0.464771192,11,0.01,25
0.1, 'tabular_EDAC',0.13,0.447381184,11,0.01,25
0.1, 'tabular_EDAC',0.11,0.419233023,11,0.01,25
0.1, 'tabular_EDAC',0.11,0.495268734,11,0.01,25
0.1, 'tabular_EDAC',0.09,0.993324967,11,0.01,25
0.1, 'tabular_EDAC',0.03,0.601058712,11,0.01,25
0.1, 'tabular_EDAC',0.924810182,11,0.01,0.02,25
0.1, 'tabular_EDAC',0,0.939216981,11,0.01,25
0.1,0.23,0.448546863,11,0.01, 'tabular_robustEDAC',25
0.1,0.08,0.735884252,11,0.01, 'tabular_robustEDAC',25
0.1,0.2,0.47106948,11,0.01, 'tabular_robustEDAC',25
0.1,0.13,0.4619269,11,0.01, 'tabular_robustEDAC',25
0.1,0.11,0.438652257,11,0.01, 'tabular_robustEDAC',25
0.1,0.11,0.486236317,11,0.01, 'tabular_robustEDAC',25
0.1,0.09,0.995687252,11,0.01, 'tabular_robustEDAC',25
0.1,0.03,0.654611181,11,0.01, 'tabular_robustEDAC',25
0.1,0.981345093,11,0.01,0.02, 'tabular_robustEDAC',25
0.1,0,0.987185999,11,0.01, 'tabular_robustEDAC',25
0.1,0.23,0, 'true_model',11,0.01,25
0.1,0.08,1, 'true_model',11,0.01,25
0.1,0.2,0, 'true_model',11,0.01,25
0.1,0.13,0, 'true_model',11,0.01,25
0.1,0.11,0, 'true_model',11,0.01,25
0.1,0.11,0, 'true_model',11,0.01,25
0.1,0.09,1, 'true_model',11,0.01,25
0.1,0.03,1, 'true_model',11,0.01,25
0.1,1, 'true_model',11,0.01,0.02,25
0.1,0,1, 'true_model',11,0.01,25
0.1,0.23,0, 'VI_model',11,0.01,25
0.1,0.08,1, 'VI_model',11,0.01,25
0.1,0.2,0, 'VI_model',11,0.01,25
0.1,0.13,0, 'VI_model',11,0.01,25
0.1,0.11,0, 'VI_model',11,0.01,25
0.1,0.11,1, 'VI_model',11,0.01,25
0.1,0.09,1, 'VI_model',11,0.01,25
0.1,0.03,1, 'VI_model',11,0.01,25
0.1,1, 'VI_model',11,0.01,0.02,25
0.1,0,1, 'VI_model',11,0.01,25
0.1, 'tabular_EDAC',0.2,0.447706641,11,0.01,125
0.1, 'tabular_EDAC',0.05,0.624027891,11,0.01,125
0.1, 'tabular_EDAC',0.18,0.453018278,11,0.01,125
0.1, 'tabular_EDAC',0.15,0.471467667,11,0.01,125
0.1, 'tabular_EDAC',0.14,0.422924729,11,0.01,125
0.1, 'tabular_EDAC',0.12,0.486472529,11,0.01,125
0.1, 'tabular_EDAC',0.630415307,11,0.01,125,
0.1, 'tabular_EDAC',0.791664352,11,0.01,0.04,125
0.1, 'tabular_EDAC',0.897873195,11,0.01,0.02,125
0.1, 'tabular_EDAC',0.932351687,11,0.01,125,
0.1,0.2,0.445859771,11,0.01, 'tabular_robustEDAC',125
0.1,0.05,0.686653336,11,0.01, 'tabular_robustEDAC',125
0.1,0.18,0.465087392,11,0.01, 'tabular_robustEDAC',125
0.1,0.15,0.500551252,11,0.01, 'tabular_robustEDAC',125
0.1,0.14,0.466666074,11,0.01, 'tabular_robustEDAC',125
0.1,0.12,0.494933795,11,0.01, 'tabular_robustEDAC',125
0.1,0.615667564,11,0.01, 'tabular_robustEDAC',125,
0.1,0.717657609,11,0.01,0.04, 'tabular_robustEDAC',125
0.1,0.824593976,11,0.01,0.02, 'tabular_robustEDAC',125
0.1,0.989756505,11,0.01, 'tabular_robustEDAC',125,
0.1,0.2,0, 'true_model',11,0.01,125
0.1,0.05,1, 'true_model',11,0.01,125
0.1,0.18,0, 'true_model',11,0.01,125
0.1,0.15,0, 'true_model',11,0.01,125
0.1,0.14,0, 'true_model',11,0.01,125
0.1,0.12,0, 'true_model',11,0.01,125
0.1,1, 'true_model',11,0.01,125,
0.1,1, 'true_model',11,0.01,0.04,125
0.1,1, 'true_model',11,0.01,0.02,125
0.1,1, 'true_model',11,0.01,125,
0.1,0.2,0, 'VI_model',11,0.01,125
0.1,0.05,1, 'VI_model',11,0.01,125
0.1,0.18,0, 'VI_model',11,0.01,125
0.1,0.15,0, 'VI_model',11,0.01,125
0.1,0.14,0, 'VI_model',11,0.01,125
0.1,0.12,1, 'VI_model',11,0.01,125
0.1,1, 'VI_model',11,0.01,125,
0.1,1, 'VI_model',11,0.01,0.04,125
0.1,1, 'VI_model',11,0.01,0.02,125
0.1,1, 'VI_model',11,0.01,125,
0.5, 'tabular_EDAC',0.18,5,11,0.01,0.028621592
0.5, 'tabular_EDAC',0.08,0.95024829,5,11,0.01
0.5, 'tabular_EDAC',0.3,0.536974562,5,11,0.01
0.5, 'tabular_EDAC',0.24,5,11,0.01,0.010183983
0.5, 'tabular_EDAC',0.12,0.973108793,5,11,0.01
0.5, 'tabular_EDAC',0.981857739,5,11,0.01,0.04
0.5, 'tabular_EDAC',0.966378245,5,11,0.01,0.04
0.5, 'tabular_EDAC',0,0.265492002,5,11,0.01
0.5, 'tabular_EDAC',0,0.857434733,5,11,0.01
0.5, 'tabular_EDAC',0,0.771149482,5,11,0.01
0.5,0.18,5,0.003951536,11,0.01, 'tabular_robustEDAC'
0.5,0.08,0.982637118,5,11,0.01, 'tabular_robustEDAC'
0.5,0.3,0.477680992,5,11,0.01, 'tabular_robustEDAC'
0.5,0.24,5,11,0.01, 'tabular_robustEDAC',0.020360673
0.5,0.12,0.984580187,5,11,0.01, 'tabular_robustEDAC'
0.5,0.993659509,5,11,0.01,0.04, 'tabular_robustEDAC'
0.5,0.980487357,5,11,0.01,0.04, 'tabular_robustEDAC'
0.5,0,0.240048746,5,11,0.01, 'tabular_robustEDAC'
0.5,0,0.832358725,5,11,0.01, 'tabular_robustEDAC'
0.5,0,0.231053999,5,11,0.01, 'tabular_robustEDAC'
0.5,0.18,0,5, 'true_model',11,0.01
0.5,0.08,1,5, 'true_model',11,0.01
0.5,0.3,0,5, 'true_model',11,0.01
0.5,0.24,0,5, 'true_model',11,0.01
0.5,0.12,0,5, 'true_model',11,0.01
0.5,1,5, 'true_model',11,0.01,0.04
0.5,1,5, 'true_model',11,0.01,0.04
0.5,0,1,5, 'true_model',11,0.01
0.5,0,1,5, 'true_model',11,0.01
0.5,0,1,5, 'true_model',11,0.01
0.5,0.18,0,5, 'VI_model',11,0.01
0.5,0.08,1,5, 'VI_model',11,0.01
0.5,0.3,0,5, 'VI_model',11,0.01
0.5,0.24,0,5, 'VI_model',11,0.01
0.5,0.12,0,5, 'VI_model',11,0.01
0.5,1,5, 'VI_model',11,0.01,0.04
0.5,1,5, 'VI_model',11,0.01,0.04
0.5,0,1,5, 'VI_model',11,0.01
0.5,0,1,5, 'VI_model',11,0.01
0.5,0,1,5, 'VI_model',11,0.01
0.5, 'tabular_EDAC',0.23,0.445549331,11,0.01,25
0.5, 'tabular_EDAC',0.07,0.808081143,11,0.01,25
0.5, 'tabular_EDAC',0.23,0.487910807,11,0.01,25
0.5, 'tabular_EDAC',0.18,0.471685698,11,0.01,25
0.5, 'tabular_EDAC',0.14,0.532667647,11,0.01,25
0.5, 'tabular_EDAC',0.05,0.569687052,11,0.01,25
0.5, 'tabular_EDAC',0.583717763,11,0.01,0.04,25
0.5, 'tabular_EDAC',0.630771629,11,0.01,0.02,25
0.5, 'tabular_EDAC',0.910378003,11,0.01,0.02,25
0.5, 'tabular_EDAC',0,0.935111845,11,0.01,25
0.5,0.23,0.450861862,11,0.01, 'tabular_robustEDAC',25
0.5,0.07,0.734811696,11,0.01, 'tabular_robustEDAC',25
0.5,0.23,0.483850239,11,0.01, 'tabular_robustEDAC',25
0.5,0.18,0.459700876,11,0.01, 'tabular_robustEDAC',25
0.5,0.14,0.502591264,11,0.01, 'tabular_robustEDAC',25
0.5,0.05,0.540465135,11,0.01, 'tabular_robustEDAC',25
0.5,0.567850772,11,0.01,0.04, 'tabular_robustEDAC',25
0.5,0.580304771,11,0.01,0.02, 'tabular_robustEDAC',25
0.5,0.953303744,11,0.01,0.02, 'tabular_robustEDAC',25
0.5,0,0.980271739,11,0.01, 'tabular_robustEDAC',25
0.5,0.23,0, 'true_model',11,0.01,25
0.5,0.07,1, 'true_model',11,0.01,25
0.5,0.23,0, 'true_model',11,0.01,25
0.5,0.18,0, 'true_model',11,0.01,25
0.5,0.14,0, 'true_model',11,0.01,25
0.5,0.05,1, 'true_model',11,0.01,25
0.5,1, 'true_model',11,0.01,0.04,25
0.5,1, 'true_model',11,0.01,0.02,25
0.5,1, 'true_model',11,0.01,0.02,25
0.5,0,1, 'true_model',11,0.01,25
0.5,0.23,0, 'VI_model',11,0.01,25
0.5,0.07,1, 'VI_model',11,0.01,25
0.5,0.23,0, 'VI_model',11,0.01,25
0.5,0.18,0, 'VI_model',11,0.01,25
0.5,0.14,0, 'VI_model',11,0.01,25
0.5,0.05,1, 'VI_model',11,0.01,25
0.5,1, 'VI_model',11,0.01,0.04,25
0.5,1, 'VI_model',11,0.01,0.02,25
0.5,1, 'VI_model',11,0.01,0.02,25
0.5,0,1, 'VI_model',11,0.01,25
0.5, 'tabular_EDAC',0.26,0.432104399,11,0.01,125
0.5, 'tabular_EDAC',0.05,0.77726267,11,0.01,125
0.5, 'tabular_EDAC',0.24,0.48818659,11,0.01,125
0.5, 'tabular_EDAC',0.18,0.483045208,11,0.01,125
0.5, 'tabular_EDAC',0.15,0.532751105,11,0.01,125
0.5, 'tabular_EDAC',0.05,0.579900991,11,0.01,125
0.5, 'tabular_EDAC',0.03,0.741897769,11,0.01,125
0.5, 'tabular_EDAC',0.867141071,11,0.01,0.02,125
0.5, 'tabular_EDAC',0.817842017,11,0.01,0.02,125
0.5, 'tabular_EDAC',0.902393729,11,0.01,125,
0.5,0.26,0.450122608,11,0.01, 'tabular_robustEDAC',125
0.5,0.05,0.770917583,11,0.01, 'tabular_robustEDAC',125
0.5,0.24,0.473722562,11,0.01, 'tabular_robustEDAC',125
0.5,0.18,0.465737917,11,0.01, 'tabular_robustEDAC',125
0.5,0.15,0.504195552,11,0.01, 'tabular_robustEDAC',125
0.5,0.05,0.576662267,11,0.01, 'tabular_robustEDAC',125
0.5,0.03,0.681112212,11,0.01, 'tabular_robustEDAC',125
0.5,0.898923856,11,0.01,0.02, 'tabular_robustEDAC',125
0.5,0.843183169,11,0.01,0.02, 'tabular_robustEDAC',125
0.5,0.880280548,11,0.01, 'tabular_robustEDAC',125,
0.5,0.26,0, 'true_model',11,0.01,125
0.5,0.05,1, 'true_model',11,0.01,125
0.5,0.24,0, 'true_model',11,0.01,125
0.5,0.18,0, 'true_model',11,0.01,125
0.5,0.15,0, 'true_model',11,0.01,125
0.5,0.05,1, 'true_model',11,0.01,125
0.5,0.03,1, 'true_model',11,0.01,125
0.5,1, 'true_model',11,0.01,0.02,125
0.5,1, 'true_model',11,0.01,0.02,125
0.5,1, 'true_model',11,0.01,125,
0.5,0.26,0, 'VI_model',11,0.01,125
0.5,0.05,1, 'VI_model',11,0.01,125
0.5,0.24,0, 'VI_model',11,0.01,125
0.5,0.18,0, 'VI_model',11,0.01,125
0.5,0.15,0, 'VI_model',11,0.01,125
0.5,0.05,1, 'VI_model',11,0.01,125
0.5,0.03,1, 'VI_model',11,0.01,125
0.5,1, 'VI_model',11,0.01,0.02,125
0.5,1, 'VI_model',11,0.01,0.02,125
0.5,1, 'VI_model',11,0.01,125,
0.9, 'tabular_EDAC',0.86,0.632442042,5,11,0.01
0.9, 'tabular_EDAC',0.06,0.954144413,5,11,0.01
0.9, 'tabular_EDAC',0.06,0.939847838,5,11,0.01
0.9, 'tabular_EDAC',0,0.334432459,5,11,0.01
0.9, 'tabular_EDAC',0,0.132294141,5,11,0.01
0.9, 'tabular_EDAC',0,0.247758092,5,11,0.01
0.9, 'tabular_EDAC',0.962788917,5,11,0.01,0.02
0.9, 'tabular_EDAC',0,0.265492002,5,11,0.01
0.9, 'tabular_EDAC',0,0.857434733,5,11,0.01
0.9, 'tabular_EDAC',0,0.771149482,5,11,0.01
0.9,0.86,0.575165137,5,11,0.01, 'tabular_robustEDAC'
0.9,0.06,0.970196155,5,11,0.01, 'tabular_robustEDAC'
0.9,0.06,0.932185954,5,11,0.01, 'tabular_robustEDAC'
0.9,0,0.397781417,5,11,0.01, 'tabular_robustEDAC'
0.9,0,0.234560258,5,11,0.01, 'tabular_robustEDAC'
0.9,0,0.693244291,5,11,0.01, 'tabular_robustEDAC'
0.9,0.993337277,5,11,0.01,0.02, 'tabular_robustEDAC'
0.9,0,0.764592515,5,11,0.01, 'tabular_robustEDAC'
0.9,0,0.229938341,5,11,0.01, 'tabular_robustEDAC'
0.9,0,0.073677924,5,11,0.01, 'tabular_robustEDAC'
0.9,0.86,1,5, 'true_model',11,0.01
0.9,0.06,1,5, 'true_model',11,0.01
0.9,0.06,1,5, 'true_model',11,0.01
0.9,0,1,5, 'true_model',11,0.01
0.9,0,1,5, 'true_model',11,0.01
0.9,0,1,5, 'true_model',11,0.01
0.9,1,5, 'true_model',11,0.01,0.02
0.9,0,1,5, 'true_model',11,0.01
0.9,0,1,5, 'true_model',11,0.01
0.9,0,1,5, 'true_model',11,0.01
0.9,0.86,0,5, 'VI_model',11,0.01
0.9,0.06,1,5, 'VI_model',11,0.01
0.9,0.06,0,5, 'VI_model',11,0.01
0.9,0,5, 'VI_model',11,0.01,
0.9,0,5, 'VI_model',11,0.01,
0.9,0,1,5, 'VI_model',11,0.01
0.9,1,5, 'VI_model',11,0.01,0.02
0.9,0,1,5, 'VI_model',11,0.01
0.9,0,1,5, 'VI_model',11,0.01
0.9,0,1,5, 'VI_model',11,0.01
0.9, 'tabular_EDAC',0.77,0.475132326,11,0.01,25
0.9, 'tabular_EDAC',0.06,0.68561135,11,0.01,25
0.9, 'tabular_EDAC',0.06,0.983432071,11,0.01,25
0.9, 'tabular_EDAC',0.03,0.987532441,11,0.01,25
0.9, 'tabular_EDAC',0.957443358,11,0.01,0.02,25
0.9, 'tabular_EDAC',0.970340827,11,0.01,0.02,25
0.9, 'tabular_EDAC',0.57098539,11,0.01,0.02,25
0.9, 'tabular_EDAC',0.979345785,11,0.01,25,
0.9, 'tabular_EDAC',0,0.277096869,11,0.01,25
0.9, 'tabular_EDAC',0,0.918603064,11,0.01,25
0.9,0.77,0.481618424,11,0.01, 'tabular_robustEDAC',25
0.9,0.06,0.775402037,11,0.01, 'tabular_robustEDAC',25
0.9,0.06,0.97871422,11,0.01, 'tabular_robustEDAC',25
0.9,0.03,0.992476393,11,0.01, 'tabular_robustEDAC',25
0.9,0.951722681,11,0.01,0.02, 'tabular_robustEDAC',25
0.9,0.994215906,11,0.01,0.02, 'tabular_robustEDAC',25
0.9,0.628784885,11,0.01,0.02, 'tabular_robustEDAC',25
0.9,0.975752683,11,0.01, 'tabular_robustEDAC',25,
0.9,0,0.75789909,11,0.01, 'tabular_robustEDAC',25
0.9,0,0.988094346,11,0.01, 'tabular_robustEDAC',25
0.9,0.77,1, 'true_model',11,0.01,25
0.9,0.06,1, 'true_model',11,0.01,25
0.9,0.06,1, 'true_model',11,0.01,25
0.9,0.03,1, 'true_model',11,0.01,25
0.9,1, 'true_model',11,0.01,0.02,25
0.9,1, 'true_model',11,0.01,0.02,25
0.9,1, 'true_model',11,0.01,0.02,25
0.9,1, 'true_model',11,0.01,25,
0.9,0,1, 'true_model',11,0.01,25
0.9,0,1, 'true_model',11,0.01,25
0.9,0.77,0, 'VI_model',11,0.01,25
0.9,0.06,1, 'VI_model',11,0.01,25
0.9,0.06,0, 'VI_model',11,0.01,25
0.9,0.03,0, 'VI_model',11,0.01,25
0.9,0, 'VI_model',11,0.01,0.02,25
0.9,1, 'VI_model',11,0.01,0.02,25
0.9,1, 'VI_model',11,0.01,0.02,25
0.9,1, 'VI_model',11,0.01,25,
0.9,0,1, 'VI_model',11,0.01,25
0.9,0,1, 'VI_model',11,0.01,25
0.9, 'tabular_EDAC',0.77,0.513449412,11,0.01,125
0.9, 'tabular_EDAC',0.06,0.815684528,11,0.01,125
0.9, 'tabular_EDAC',0.06,0.642711797,11,0.01,125
0.9, 'tabular_EDAC',0.614860004,11,0.01,0.02,125
0.9, 'tabular_EDAC',0.687232478,11,0.01,0.02,125
0.9, 'tabular_EDAC',0.715115063,11,0.01,0.02,125
0.9, 'tabular_EDAC',0.738271154,11,0.01,0.02,125
0.9, 'tabular_EDAC',0.906695536,11,0.01,125,
0.9, 'tabular_EDAC',0.889207447,11,0.01,125,
0.9, 'tabular_EDAC',0.938119349,11,0.01,125,
0.9,0.77,0.523071436,11,0.01, 'tabular_robustEDAC',125
0.9,0.06,0.721735679,11,0.01, 'tabular_robustEDAC',125
0.9,0.06,0.644393087,11,0.01, 'tabular_robustEDAC',125
0.9,0.639992407,11,0.01,0.02, 'tabular_robustEDAC',125
0.9,0.690079327,11,0.01,0.02, 'tabular_robustEDAC',125
0.9,0.614701742,11,0.01,0.02, 'tabular_robustEDAC',125
0.9,0.799408943,11,0.01,0.02, 'tabular_robustEDAC',125
0.9,0.899167156,11,0.01, 'tabular_robustEDAC',125,
0.9,0.963410022,11,0.01, 'tabular_robustEDAC',125,
0.9,0.980767719,11,0.01, 'tabular_robustEDAC',125,
0.9,0.77,1, 'true_model',11,0.01,125
0.9,0.06,1, 'true_model',11,0.01,125
0.9,0.06,1, 'true_model',11,0.01,125
0.9,1, 'true_model',11,0.01,0.02,125
0.9,1, 'true_model',11,0.01,0.02,125
0.9,1, 'true_model',11,0.01,0.02,125
0.9,1, 'true_model',11,0.01,0.02,125
0.9,1, 'true_model',11,0.01,125,
0.9,1, 'true_model',11,0.01,125,
0.9,1, 'true_model',11,0.01,125,
0.9,0.77,0, 'VI_model',11,0.01,125
0.9,0.06,1, 'VI_model',11,0.01,125
0.9,0.06,0, 'VI_model',11,0.01,125
0.9,0, 'VI_model',11,0.01,0.02,125
0.9,0, 'VI_model',11,0.01,0.02,125
0.9,1, 'VI_model',11,0.01,0.02,125
0.9,1, 'VI_model',11,0.01,0.02,125
0.9,1, 'VI_model',11,0.01,125,
0.9,1, 'VI_model',11,0.01,125,
0.9,1, 'VI_model',11,0.01,125,
0.1, 'tabular_EDAC',0.22,0.464329532,5,12,0.01
0.1, 'tabular_EDAC',0.960668272,5,12,0.01,0.04
0.1, 'tabular_EDAC',0.2,0.528725583,5,12,0.01
0.1, 'tabular_EDAC',0.14,5,12,0.01,0.055787357
0.1, 'tabular_EDAC',0.14,0.331855793,5,12,0.01
0.1, 'tabular_EDAC',0.493381676,5,12,0.01,
0.1, 'tabular_EDAC',0.08,0.531990261,5,12,0.01
0.1, 'tabular_EDAC',0.06,0.535822124,5,12,0.01
0.1, 'tabular_EDAC',0.985771761,5,12,0.01,0.02
0.1, 'tabular_EDAC',0,0.878170084,5,12,0.01
0.1,0.22,0.453967671,5,0.01,12, 'tabular_robustEDAC'
0.1,0.985376098,5,0.01,12,0.04, 'tabular_robustEDAC'
0.1,0.2,0.471191611,5,0.01,12, 'tabular_robustEDAC'
0.1,0.14,5,0.01,12, 'tabular_robustEDAC',0.006075776
0.1,0.14,0.314022064,5,0.01,12, 'tabular_robustEDAC'
0.1,0.445803934,5,0.01,12, 'tabular_robustEDAC',
0.1,0.08,0.49275414,5,0.01,12, 'tabular_robustEDAC'
0.1,0.06,0.473373905,5,0.01,12, 'tabular_robustEDAC'
0.1,0.983354046,5,0.01,12,0.02, 'tabular_robustEDAC'
0.1,0,0.697653759,5,0.01,12, 'tabular_robustEDAC'
0.1,0.22,0,5, 'true_model',0.01,12
0.1,1,5, 'true_model',0.01,12,0.04
0.1,0.2,0,5, 'true_model',0.01,12
0.1,0.14,0,5, 'true_model',0.01,12
0.1,0.14,0,5, 'true_model',0.01,12
0.1,0,5, 'true_model',0.01,12,
0.1,0.08,1,5, 'true_model',0.01,12
0.1,0.06,1,5, 'true_model',0.01,12
0.1,1,5, 'true_model',0.01,12,0.02
0.1,0,1,5, 'true_model',0.01,12
0.1,0.22,0,5, 'VI_model',12,0.01
0.1,1,5, 'VI_model',12,0.01,0.04
0.1,0.2,0,5, 'VI_model',12,0.01
0.1,0.14,0,5, 'VI_model',12,0.01
0.1,0.14,0,5, 'VI_model',12,0.01
0.1,1,5, 'VI_model',12,0.01,
0.1,0.08,1,5, 'VI_model',12,0.01
0.1,0.06,1,5, 'VI_model',12,0.01
0.1,1,5, 'VI_model',12,0.01,0.02
0.1,0,1,5, 'VI_model',12,0.01
0.1, 'tabular_EDAC',0.2,0.442494062,0.01,12,25
0.1, 'tabular_EDAC',0.785409499,0.01,12,0.04,25
0.1, 'tabular_EDAC',0.17,0.465181826,0.01,12,25
0.1, 'tabular_EDAC',0.15,0.519034107,0.01,12,25
0.1, 'tabular_EDAC',0.13,0.398395946,0.01,12,25
0.1, 'tabular_EDAC',0.13,0.430467828,0.01,12,25
0.1, 'tabular_EDAC',0.11,0.559058437,0.01,12,25
0.1, 'tabular_EDAC',0.73947396,0.01,12,0.04,25
0.1, 'tabular_EDAC',0.975085864,0.01,12,0.02,25
0.1, 'tabular_EDAC',0,0.99441477,0.01,12,25
0.1,0.2,0.457992185,12,0.01, 'tabular_robustEDAC',25
0.1,0.756094287,12,0.01,0.04, 'tabular_robustEDAC',25
0.1,0.17,0.47222181,12,0.01, 'tabular_robustEDAC',25
0.1,0.15,0.508345266,12,0.01, 'tabular_robustEDAC',25
0.1,0.13,0.446747576,12,0.01, 'tabular_robustEDAC',25
0.1,0.13,0.481154521,12,0.01, 'tabular_robustEDAC',25
0.1,0.11,0.575874921,12,0.01, 'tabular_robustEDAC',25
0.1,0.679626947,12,0.01,0.04, 'tabular_robustEDAC',25
0.1,0.985212353,12,0.01,0.02, 'tabular_robustEDAC',25
0.1,0,0.959041856,12,0.01, 'tabular_robustEDAC',25
0.1,0.2,0, 'true_model',0.01,12,25
0.1,1, 'true_model',0.01,12,0.04,25
0.1,0.17,0, 'true_model',0.01,12,25
0.1,0.15,0, 'true_model',0.01,12,25
0.1,0.13,0, 'true_model',0.01,12,25
0.1,0.13,0, 'true_model',0.01,12,25
0.1,0.11,1, 'true_model',0.01,12,25
0.1,1, 'true_model',0.01,12,0.04,25
0.1,1, 'true_model',0.01,12,0.02,25
0.1,0,1, 'true_model',0.01,12,25
0.1,0.2,0, 'VI_model',0.01,12,25
0.1,1, 'VI_model',0.01,12,0.04,25
0.1,0.17,0, 'VI_model',0.01,12,25
0.1,0.15,0, 'VI_model',0.01,12,25
0.1,0.13,0, 'VI_model',0.01,12,25
0.1,0.13,1, 'VI_model',0.01,12,25
0.1,0.11,1, 'VI_model',0.01,12,25
0.1,1, 'VI_model',0.01,12,0.04,25
0.1,1, 'VI_model',0.01,12,0.02,25
0.1,0,1, 'VI_model',0.01,12,25
0.1, 'tabular_EDAC',0.21,0.454012531,12,0.01,125
0.1, 'tabular_EDAC',0.06,0.795335848,12,0.01,125
0.1, 'tabular_EDAC',0.18,0.441152294,12,0.01,125
0.1, 'tabular_EDAC',0.15,0.463117783,12,0.01,125
0.1, 'tabular_EDAC',0.12,0.487565431,12,0.01,125
0.1, 'tabular_EDAC',0.12,0.449546334,12,0.01,125
0.1, 'tabular_EDAC',0.546354488,12,0.01,125,
0.1, 'tabular_EDAC',0.700034997,12,0.01,0.04,125
0.1, 'tabular_EDAC',0.928621337,12,0.01,0.02,125
0.1, 'tabular_EDAC',0.906238951,12,0.01,125,
0.1,0.21,0.442193943,0.01,12, 'tabular_robustEDAC',125
0.1,0.06,0.738704322,0.01,12, 'tabular_robustEDAC',125
0.1,0.18,0.459637598,0.01,12, 'tabular_robustEDAC',125
0.1,0.15,0.454227035,0.01,12, 'tabular_robustEDAC',125
0.1,0.12,0.470163907,0.01,12, 'tabular_robustEDAC',125
0.1,0.12,0.43552255,0.01,12, 'tabular_robustEDAC',125
0.1,0.589555771,0.01,12, 'tabular_robustEDAC',125,
0.1,0.704991466,0.01,12,0.04, 'tabular_robustEDAC',125
0.1,0.91129786,0.01,12,0.02, 'tabular_robustEDAC',125
0.1,0.896092356,0.01,12, 'tabular_robustEDAC',125,
0.1,0.21,0, 'true_model',0.01,12,125
0.1,0.06,1, 'true_model',0.01,12,125
0.1,0.18,0, 'true_model',0.01,12,125
0.1,0.15,0, 'true_model',0.01,12,125
0.1,0.12,0, 'true_model',0.01,12,125
0.1,0.12,0, 'true_model',0.01,12,125
0.1,1, 'true_model',0.01,12,125,
0.1,1, 'true_model',0.01,12,0.04,125
0.1,1, 'true_model',0.01,12,0.02,125
0.1,1, 'true_model',0.01,12,125,
0.1,0.21,0, 'VI_model',12,0.01,125
0.1,0.06,1, 'VI_model',12,0.01,125
0.1,0.18,0, 'VI_model',12,0.01,125
0.1,0.15,0, 'VI_model',12,0.01,125
0.1,0.12,0, 'VI_model',12,0.01,125
0.1,0.12,1, 'VI_model',12,0.01,125
0.1,1, 'VI_model',12,0.01,125,
0.1,1, 'VI_model',12,0.01,0.04,125
0.1,1, 'VI_model',12,0.01,0.02,125
0.1,1, 'VI_model',12,0.01,125,
0.5, 'tabular_EDAC',0.24,5,12,0.01,0.014638806
0.5, 'tabular_EDAC',0.980580867,5,12,0.01,0.02
0.5, 'tabular_EDAC',0.2,0.483216646,5,12,0.01
0.5, 'tabular_EDAC',0.26,0.507363825,5,12,0.01
0.5, 'tabular_EDAC',0.14,0.502775061,5,12,0.01
0.5, 'tabular_EDAC',0.1,0.990378732,5,12,0.01
0.5, 'tabular_EDAC',0.976426832,5,12,0.01,0.04
0.5, 'tabular_EDAC',0,0.241009066,5,12,0.01
0.5, 'tabular_EDAC',0,0.738873885,5,12,0.01
0.5, 'tabular_EDAC',0,0.878170084,5,12,0.01
0.5,0.24,5,12,0.01,0.00498286, 'tabular_robustEDAC'
0.5,0.991566628,5,12,0.01,0.02, 'tabular_robustEDAC'
0.5,0.2,0.483469911,5,12,0.01, 'tabular_robustEDAC'
0.5,0.26,0.492590188,5,12,0.01, 'tabular_robustEDAC'
0.5,0.14,0.510316352,5,12,0.01, 'tabular_robustEDAC'
0.5,0.1,0.979811385,5,12,0.01, 'tabular_robustEDAC'
0.5,0.994881983,5,12,0.01,0.04, 'tabular_robustEDAC'
0.5,0,0.459459848,5,12,0.01, 'tabular_robustEDAC'
0.5,0,0.605098694,5,12,0.01, 'tabular_robustEDAC'
0.5,0,0.711053031,5,12,0.01, 'tabular_robustEDAC'
0.5,0.24,0,5, 'true_model',0.01,12
0.5,1,5, 'true_model',0.01,12,0.02
0.5,0.2,0,5, 'true_model',0.01,12
0.5,0.26,0,5, 'true_model',0.01,12
0.5,0.14,0,5, 'true_model',0.01,12
0.5,0.1,1,5, 'true_model',0.01,12
0.5,1,5, 'true_model',0.01,12,0.04
0.5,0,1,5, 'true_model',0.01,12
0.5,0,1,5, 'true_model',0.01,12
0.5,0,1,5, 'true_model',0.01,12
0.5,0.24,0,5, 'VI_model',12,0.01
0.5,1,5, 'VI_model',12,0.01,0.02
0.5,0.2,0,5, 'VI_model',12,0.01
0.5,0.26,0,5, 'VI_model',12,0.01
0.5,0.14,0,5, 'VI_model',12,0.01
0.5,0.1,1,5, 'VI_model',12,0.01
0.5,1,5, 'VI_model',12,0.01,0.04
0.5,0,1,5, 'VI_model',12,0.01
0.5,0,1,5, 'VI_model',12,0.01
0.5,0,1,5, 'VI_model',12,0.01
0.5, 'tabular_EDAC',0.28,0.452350044,0.01,12,25
0.5, 'tabular_EDAC',0.623209678,0.01,12,0.04,25
0.5, 'tabular_EDAC',0.24,0.461678005,0.01,12,25
0.5, 'tabular_EDAC',0.2,0.490675586,0.01,12,25
0.5, 'tabular_EDAC',0.14,0.525867407,0.01,12,25
0.5, 'tabular_EDAC',0.06,0.55463713,0.01,12,25
0.5, 'tabular_EDAC',0.03,0.576878127,0.01,12,25
0.5, 'tabular_EDAC',0,0.953925058,0.01,12,25
0.5, 'tabular_EDAC',0.984133961,0.01,12,25,
0.5, 'tabular_EDAC',0.892390309,0.01,12,25,
0.5,0.28,0.442909452,0.01,12, 'tabular_robustEDAC',25
0.5,0.716435611,0.01,12,0.04, 'tabular_robustEDAC',25
0.5,0.24,0.468238176,0.01,12, 'tabular_robustEDAC',25
0.5,0.2,0.486200467,0.01,12, 'tabular_robustEDAC',25
0.5,0.14,0.526020256,0.01,12, 'tabular_robustEDAC',25
0.5,0.06,0.542684317,0.01,12, 'tabular_robustEDAC',25
0.5,0.03,0.613586331,0.01,12, 'tabular_robustEDAC',25
0.5,0,0.96720856,0.01,12, 'tabular_robustEDAC',25
0.5,0.996024622,0.01,12, 'tabular_robustEDAC',25,
0.5,0.857377441,0.01,12, 'tabular_robustEDAC',25,
0.5,0.28,0, 'true_model',0.01,12,25
0.5,1, 'true_model',0.01,12,0.04,25
0.5,0.24,0, 'true_model',0.01,12,25
0.5,0.2,0, 'true_model',0.01,12,25
0.5,0.14,0, 'true_model',0.01,12,25
0.5,0.06,1, 'true_model',0.01,12,25
0.5,0.03,1, 'true_model',0.01,12,25
0.5,0,1, 'true_model',0.01,12,25
0.5,1, 'true_model',0.01,12,25,
0.5,1, 'true_model',0.01,12,25,
0.5,0.28,0, 'VI_model',0.01,12,25
0.5,1, 'VI_model',0.01,12,0.04,25
0.5,0.24,0, 'VI_model',0.01,12,25
0.5,0.2,0, 'VI_model',0.01,12,25
0.5,0.14,0, 'VI_model',0.01,12,25
0.5,0.06,1, 'VI_model',0.01,12,25
0.5,0.03,1, 'VI_model',0.01,12,25
0.5,0,1, 'VI_model',0.01,12,25
0.5,1, 'VI_model',0.01,12,25,
0.5,1, 'VI_model',0.01,12,25,
0.5, 'tabular_EDAC',0.25,0.444757656,12,0.01,125
0.5, 'tabular_EDAC',0.05,0.704499081,12,0.01,125
0.5, 'tabular_EDAC',0.22,0.474478168,12,0.01,125
0.5, 'tabular_EDAC',0.19,0.481127903,12,0.01,125
0.5, 'tabular_EDAC',0.14,0.543562126,12,0.01,125
0.5, 'tabular_EDAC',0.06,0.715776015,12,0.01,125
0.5, 'tabular_EDAC',0.03,0.663818641,12,0.01,125
0.5, 'tabular_EDAC',0.76599798,12,0.01,0.02,125
0.5, 'tabular_EDAC',0.902650821,12,0.01,0.02,125
0.5, 'tabular_EDAC',0.906054224,12,0.01,0.02,125
0.5,0.25,0.449280264,12,0.01, 'tabular_robustEDAC',125
0.5,0.05,0.753187459,12,0.01, 'tabular_robustEDAC',125
0.5,0.22,0.477208946,12,0.01, 'tabular_robustEDAC',125
0.5,0.19,0.48357733,12,0.01, 'tabular_robustEDAC',125
0.5,0.14,0.554321828,12,0.01, 'tabular_robustEDAC',125
0.5,0.06,0.667932746,12,0.01, 'tabular_robustEDAC',125
0.5,0.03,0.721103952,12,0.01, 'tabular_robustEDAC',125
0.5,0.697084427,12,0.01,0.02, 'tabular_robustEDAC',125
0.5,0.71700607,12,0.01,0.02, 'tabular_robustEDAC',125
0.5,0.928776931,12,0.01,0.02, 'tabular_robustEDAC',125
0.5,0.25,0, 'true_model',0.01,12,125
0.5,0.05,1, 'true_model',0.01,12,125
0.5,0.22,0, 'true_model',0.01,12,125
0.5,0.19,0, 'true_model',0.01,12,125
0.5,0.14,0, 'true_model',0.01,12,125
0.5,0.06,1, 'true_model',0.01,12,125
0.5,0.03,1, 'true_model',0.01,12,125
0.5,1, 'true_model',0.01,12,0.02,125
0.5,1, 'true_model',0.01,12,0.02,125
0.5,1, 'true_model',0.01,12,0.02,125
0.5,0.25,0, 'VI_model',12,0.01,125
0.5,0.05,1, 'VI_model',12,0.01,125
0.5,0.22,0, 'VI_model',12,0.01,125
0.5,0.19,0, 'VI_model',12,0.01,125
0.5,0.14,0, 'VI_model',12,0.01,125
0.5,0.06,1, 'VI_model',12,0.01,125
0.5,0.03,1, 'VI_model',12,0.01,125
0.5,1, 'VI_model',12,0.01,0.02,125
0.5,1, 'VI_model',12,0.01,0.02,125
0.5,1, 'VI_model',12,0.01,0.02,125
0.9, 'tabular_EDAC',0.8,0.475510819,5,12,0.01
0.9, 'tabular_EDAC',0.978784414,5,12,0.01,0.02
0.9, 'tabular_EDAC',0.1,0.978992824,5,12,0.01
0.9, 'tabular_EDAC',0.979477154,5,12,0.01,0.04
0.9, 'tabular_EDAC',0,0.777407118,5,12,0.01
0.9, 'tabular_EDAC',0.987381962,5,12,0.01,0.02
0.9, 'tabular_EDAC',0.973067756,5,12,0.01,0.02
0.9, 'tabular_EDAC',0,0.241009066,5,12,0.01
0.9, 'tabular_EDAC',0,0.738873885,5,12,0.01
0.9, 'tabular_EDAC',0,0.878170084,5,12,0.01
0.9,0.8,0.466334097,5,12,0.01, 'tabular_robustEDAC'
0.9,0.981961633,5,12,0.01,0.02, 'tabular_robustEDAC'
0.9,0.1,0.996735163,5,12,0.01, 'tabular_robustEDAC'
0.9,0.992357396,5,12,0.01,0.04, 'tabular_robustEDAC'
0.9,0,0.707511628,5,12,0.01, 'tabular_robustEDAC'
0.9,0.993181113,5,12,0.01,0.02, 'tabular_robustEDAC'
0.9,0.99158054,5,12,0.01,0.02, 'tabular_robustEDAC'
0.9,0,0.82777224,5,12,0.01, 'tabular_robustEDAC'
0.9,0,0.413869547,5,12,0.01, 'tabular_robustEDAC'
0.9,0,0.5580087,5,12,0.01, 'tabular_robustEDAC'
0.9,0.8,1,5, 'true_model',0.01,12
0.9,1,5, 'true_model',0.01,12,0.02
0.9,0.1,1,5, 'true_model',0.01,12
0.9,1,5, 'true_model',0.01,12,0.04
0.9,0,1,5, 'true_model',0.01,12
0.9,1,5, 'true_model',0.01,12,0.02
0.9,1,5, 'true_model',0.01,12,0.02
0.9,0,1,5, 'true_model',0.01,12
0.9,0,1,5, 'true_model',0.01,12
0.9,0,1,5, 'true_model',0.01,12
0.9,0.8,0,5, 'VI_model',12,0.01
0.9,1,5, 'VI_model',12,0.01,0.02
0.9,0.1,0,5, 'VI_model',12,0.01
0.9,0,5, 'VI_model',12,0.01,0.04
0.9,0,5, 'VI_model',12,0.01,
0.9,1,5, 'VI_model',12,0.01,0.02
0.9,1,5, 'VI_model',12,0.01,0.02
0.9,0,1,5, 'VI_model',12,0.01
0.9,0,1,5, 'VI_model',12,0.01
0.9,0,1,5, 'VI_model',12,0.01
0.9, 'tabular_EDAC',0.74,0.479148774,0.01,12,25
0.9, 'tabular_EDAC',0.05,0.80700065,0.01,12,25
0.9, 'tabular_EDAC',0.08,0.993836782,0.01,12,25
0.9, 'tabular_EDAC',0.03,0.595171421,0.01,12,25
0.9, 'tabular_EDAC',0.984337794,0.01,12,0.02,25
0.9, 'tabular_EDAC',0.663129277,0.01,12,0.02,25
0.9, 'tabular_EDAC',0.03,0.950922856,0.01,12,25
0.9, 'tabular_EDAC',0.965072745,0.01,12,25,
0.9, 'tabular_EDAC',0.837683146,0.01,12,25,
0.9, 'tabular_EDAC',0.995615088,0.01,12,25,
0.9,0.74,0.486710516,0.01,12, 'tabular_robustEDAC',25
0.9,0.05,0.716344455,0.01,12, 'tabular_robustEDAC',25
0.9,0.08,0.9934975,0.01,12, 'tabular_robustEDAC',25
0.9,0.03,0.616372172,0.01,12, 'tabular_robustEDAC',25
0.9,0.96774385,0.01,12,0.02, 'tabular_robustEDAC',25
0.9,0.588019191,0.01,12,0.02, 'tabular_robustEDAC',25
0.9,0.03,0.984500229,0.01,12, 'tabular_robustEDAC',25
0.9,0.97887662,0.01,12, 'tabular_robustEDAC',25,
0.9,0.834012314,0.01,12, 'tabular_robustEDAC',25,
0.9,0.992703894,0.01,12, 'tabular_robustEDAC',25,
0.9,0.74,1, 'true_model',0.01,12,25
0.9,0.05,1, 'true_model',0.01,12,25
0.9,0.08,1, 'true_model',0.01,12,25
0.9,0.03,1, 'true_model',0.01,12,25
0.9,1, 'true_model',0.01,12,0.02,25
0.9,1, 'true_model',0.01,12,0.02,25
0.9,0.03,1, 'true_model',0.01,12,25
0.9,1, 'true_model',0.01,12,25,
0.9,1, 'true_model',0.01,12,25,
0.9,1, 'true_model',0.01,12,25,
0.9,0.74,0, 'VI_model',0.01,12,25
0.9,0.05,1, 'VI_model',0.01,12,25
0.9,0.08,0, 'VI_model',0.01,12,25
0.9,0.03,0, 'VI_model',0.01,12,25
0.9,0, 'VI_model',0.01,12,0.02,25
0.9,1, 'VI_model',0.01,12,0.02,25
0.9,0.03,1, 'VI_model',0.01,12,25
0.9,1, 'VI_model',0.01,12,25,
0.9,1, 'VI_model',0.01,12,25,
0.9,1, 'VI_model',0.01,12,25,
0.9, 'tabular_EDAC',0.78,0.496197976,12,0.01,125
0.9, 'tabular_EDAC',0.03,0.684128458,12,0.01,125
0.9, 'tabular_EDAC',0.07,0.731865377,12,0.01,125
0.9, 'tabular_EDAC',0.909933402,12,0.01,0.02,125
0.9, 'tabular_EDAC',0.726341304,12,0.01,0.02,125
0.9, 'tabular_EDAC',0.639212989,12,0.01,0.02,125
0.9, 'tabular_EDAC',0.675436046,12,0.01,0.02,125
0.9, 'tabular_EDAC',0.838310401,12,0.01,0.02,125
0.9, 'tabular_EDAC',0.940932023,12,0.01,125,
0.9, 'tabular_EDAC',0.863772136,12,0.01,125,
0.9,0.78,0.504593796,12,0.01, 'tabular_robustEDAC',125
0.9,0.03,0.714409778,12,0.01, 'tabular_robustEDAC',125
0.9,0.07,0.597450985,12,0.01, 'tabular_robustEDAC',125
0.9,0.910416805,12,0.01,0.02, 'tabular_robustEDAC',125
0.9,0.717568039,12,0.01,0.02, 'tabular_robustEDAC',125
0.9,0.61730512,12,0.01,0.02, 'tabular_robustEDAC',125
0.9,0.726843963,12,0.01,0.02, 'tabular_robustEDAC',125
0.9,0.922875946,12,0.01,0.02, 'tabular_robustEDAC',125
0.9,0.93315142,12,0.01, 'tabular_robustEDAC',125,
0.9,0.909066881,12,0.01, 'tabular_robustEDAC',125,
0.9,0.78,1, 'true_model',0.01,12,125
0.9,0.03,1, 'true_model',0.01,12,125
0.9,0.07,1, 'true_model',0.01,12,125
0.9,1, 'true_model',0.01,12,0.02,125
0.9,1, 'true_model',0.01,12,0.02,125
0.9,1, 'true_model',0.01,12,0.02,125
0.9,1, 'true_model',0.01,12,0.02,125
0.9,1, 'true_model',0.01,12,0.02,125
0.9,1, 'true_model',0.01,12,125,
0.9,1, 'true_model',0.01,12,125,
0.9,0.78,0, 'VI_model',12,0.01,125
0.9,0.03,1, 'VI_model',12,0.01,125
0.9,0.07,0, 'VI_model',12,0.01,125
0.9,0, 'VI_model',12,0.01,0.02,125
0.9,0, 'VI_model',12,0.01,0.02,125
0.9,1, 'VI_model',12,0.01,0.02,125
0.9,1, 'VI_model',12,0.01,0.02,125
0.9,1, 'VI_model',12,0.01,0.02,125
0.9,1, 'VI_model',12,0.01,125,
0.9,1, 'VI_model',12,0.01,125,